Trace,opt,srrip,hwc 80 50 curr hotter,hwc 80 50 curr hotter lru
cassandra_result,0.9763064078303029,0.08540466217316951,-0.6357508877123544,0.2753503008653807
drupal_result,3.462486766095621,1.1571228603707542,1.8914713259484064,2.1170694273716233
finagle-chirper_result,0.2814515139399629,0.01820924000173799,-0.4508766165648669,0.00039585304350113894
finagle-http_result,0.1900762436670847,-0.012790177143958347,-0.3659411793964449,-0.09059708810299753
kafka_result,1.0738922471213812,0.06456712197621024,-1.233083599579946,0.2070600808202303
mediawiki_result,3.565690637012855,0.24730196916295372,1.2895031249211277,1.7176551735740082
tomcat_result,4.044220605166186,0.8970364015416007,0.6890021914714994,2.260371705569363
verilator_result,100.62901587103441,2.4969918893708845,94.5923359929539,92.95044506167062
wordpress_result,2.8364070976776556,0.22175742761383763,1.1973461107851093,0.9507489713119264
