Trace,opt,srrip,hwc 80 50 curr hotter,hwc 80 50 curr hotter lru
cassandra_result,2.2385972812882518,0.2295252241684288,-0.33593486132244876,0.8494612331170042
drupal_result,3.0996909252210623,0.5584094096099247,1.23200641043986,2.020075551612627
finagle-chirper_result,0.6716522085950818,-0.021138697776445087,-0.4016352577525098,0.24927709642038445
finagle-http_result,0.7713437374490841,0.020081473406395805,-0.3603907280968542,0.2639279361982834
kafka_result,2.5347730600292775,0.26156051732551105,-0.8834339921913263,0.841492801366513
mediawiki_result,3.353256886757681,0.04617294096217781,0.6836984102105759,1.6003795500468145
tomcat_result,7.951488214851412,2.0586775101066284,3.4851887751483566,3.7197096858081866
verilator_result,82.62272648359392,2.662350261945862,82.20674489299196,82.20197914645479
wordpress_result,2.7615424269046214,0.37210214113017737,1.3922065475455738,1.6517704801388247
