Trace,lru,opt,srrip,hwc 80 50 curr hotter,hwc 80 50 curr hotter lru
cassandra_result,2.82186,2.84941,2.82427,2.80392,2.82963
drupal_result,2.81474,2.9122,2.84731,2.86798,2.87433
finagle-chirper_result,2.52619,2.5333,2.52665,2.5148,2.5262
finagle-http_result,2.81466,2.82001,2.8143,2.80436,2.81211
kafka_result,2.69487,2.72381,2.69661,2.66164,2.70045
mediawiki_result,2.37766,2.46244,2.38354,2.40832,2.4185
tomcat_result,2.24963,2.34061,2.26981,2.26513,2.30048
verilator_result,0.288387,0.578588,0.295588,0.561179,0.556444
wordpress_result,2.77781,2.8566,2.78397,2.81107,2.80422
