Trace,lru,opt,srrip,hwc 80 50 curr hotter,hwc 80 50 curr hotter lru
cassandra_result,2.81442,2.84548,2.81737,2.79639,2.82489
drupal_result,2.8146,2.90604,2.84215,2.86195,2.87374
finagle-chirper_result,2.52387,2.53248,2.52364,2.5145,2.52546
finagle-http_result,2.81172,2.81921,2.81132,2.80077,2.81195
kafka_result,2.68739,2.72234,2.68913,2.65693,2.69537
mediawiki_result,2.37575,2.45875,2.38074,2.40265,2.41665
tomcat_result,2.22154,2.33289,2.24689,2.25152,2.27746
verilator_result,0.28834,0.568281,0.295643,0.561904,0.561789
wordpress_result,2.77031,2.85167,2.78114,2.81261,2.80886
