Trace,lru,opt,srrip,hwc 80 50 curr hotter,hwc 80 50 curr hotter lru
cassandra_result,2.75351,2.81515,2.75983,2.74426,2.7769
drupal_result,2.79544,2.88209,2.81105,2.82988,2.85191
finagle-chirper_result,2.50725,2.52409,2.50672,2.49718,2.5135
finagle-http_result,2.78864,2.81015,2.7892,2.77859,2.796
kafka_result,2.62272,2.6892,2.62958,2.59955,2.64479
mediawiki_result,2.36069,2.43985,2.36178,2.37683,2.39847
tomcat_result,2.11495,2.28312,2.15849,2.18866,2.19362
verilator_result,0.293763,0.536478,0.301584,0.535256,0.535242
wordpress_result,2.75462,2.83069,2.76487,2.79297,2.80012
